State,Crop,Rainfall,Temperature,Humidity,Soil_Type,Fertilizer_Type,Yield
Manipur,Cotton,325.86,39.83,76.4,Mountain,MOP,83.2
Gujarat,Barley,1126.01,31.04,52.37,Black,Organic,142.09
Tripura,Barley,780.4,34.97,68.01,Desert,Urea,124.52
Goa,Bajra,860.67,40,56.28,Desert,MOP,116.09
Gujarat,Rice,707.46,31.18,56.58,Laterite,Urea,114.74
Nagaland,Jowar,765.87,22.47,76.91,Desert,DAP,108.17
Uttar Pradesh,Bajra,467.94,20.15,84.87,Alluvial,Organic,92.81
Delhi,Wheat,211,22.48,77.32,Red,Organic,86.47
Jharkhand,Pulses,1151.55,36.1,68.74,Desert,DAP,128.37
Tamil Nadu,Maize,927.43,21.74,56.26,Red,MOP,125.03
Uttarakhand,Bajra,610.02,37.5,53.34,Black,Compost,100.15
Bihar,Cotton,465.18,30.24,41.49,Red,MOP,102.46
Arunachal Pradesh,Barley,1014.26,35.49,76.84,Black,Urea,129.55
Uttar Pradesh,Pulses,596.59,25.22,49.42,Desert,Urea,112.24
West Bengal,Maize,1173.68,20.24,74.2,Black,Compost,124.06
Maharashtra,Cotton,432.08,26.62,81.72,Laterite,Organic,102.15
Karnataka,Rice,752.1,21.26,87.63,Desert,Urea,108.75
Haryana,Maize,229.28,29.56,78.78,Alluvial,DAP,103.28
Odisha,Pulses,815.29,33.46,79.16,Desert,Urea,119.94
Punjab,Bajra,838,29.97,43.57,Alluvial,Compost,122.33
Haryana,Sugarcane,682.62,27.64,69.95,Black,MOP,126.08
Jammu & Kashmir,Pulses,348.09,29.37,87.6,Laterite,MOP,100.55
Karnataka,Cotton,729.57,24.86,86.58,Black,Urea,114.1
Telangana,Bajra,473.33,30.21,75.88,Black,Compost,107.83
Bihar,Maize,646.21,30.81,59.39,Black,MOP,123.05
Assam,Maize,825.12,38.93,66.26,Mountain,MOP,117.39
Telangana,Maize,494.01,30.45,50.19,Red,Compost,117.6
Maharashtra,Sugarcane,1006.62,35.62,54.82,Red,Compost,133.34
Meghalaya,Jowar,930.16,35.64,59.83,Red,Compost,123.58
Uttarakhand,Cotton,1059.07,35.04,46.13,Black,DAP,127.18
Uttar Pradesh,Pulses,252.26,25.04,47.82,Alluvial,Urea,87.16
Bihar,Jowar,520.27,20.37,78.05,Desert,MOP,101.03
Delhi,Jowar,955.41,30.99,76.25,Red,Urea,129.25
Haryana,Jowar,937.46,29.5,48.33,Laterite,DAP,129.13
Jharkhand,Cotton,1178.7,24.77,80.97,Alluvial,DAP,144.05
Uttarakhand,Wheat,901.93,38.64,56.81,Black,MOP,114.24
Rajasthan,Rice,390.02,39.51,87.16,Desert,Organic,94.44
Gujarat,Maize,344.47,31.73,40.46,Laterite,Organic,96.26
Assam,Jowar,938.82,26.71,66.57,Red,Urea,133.87
Mizoram,Barley,769.5,20.86,53.82,Red,DAP,101.37
Delhi,Jowar,1042.36,37.84,45.12,Red,MOP,124.05
Goa,Barley,974.44,33.65,81.29,Black,Organic,138.34
Karnataka,Pulses,292.5,36.84,64.54,Desert,Organic,84.14
Tamil Nadu,Bajra,668.7,28.04,88.91,Black,Organic,127.87
Telangana,Pulses,235.4,34.91,44.3,Black,Organic,81.63
Gujarat,Wheat,238.95,27.02,71.57,Mountain,MOP,91.52
Bihar,Cotton,375.27,32.88,56.58,Desert,DAP,104.84
Delhi,Bajra,665.96,22.92,75.75,Red,Compost,107.76
Maharashtra,Maize,470.17,25.93,68.56,Desert,Urea,98.9
Meghalaya,Sugarcane,966.65,32.63,84.55,Laterite,MOP,133.88
Jharkhand,Barley,911.64,20.31,80.1,Black,DAP,111.91
Mizoram,Wheat,555.03,37.99,67.57,Laterite,Urea,96.05
Jammu & Kashmir,Pulses,655.01,24.6,89.75,Alluvial,MOP,107.6
Rajasthan,Jowar,833.9,25.99,51.32,Laterite,Urea,115.59
Nagaland,Jowar,948.46,29.95,64.28,Mountain,MOP,135.64
Goa,Maize,721.88,33.35,40.6,Mountain,DAP,121.55
Manipur,Pulses,428.4,35.04,76.09,Desert,Urea,108.62
Himachal Pradesh,Cotton,414.31,34.48,63.89,Laterite,Urea,100.87
Jammu & Kashmir,Pulses,1028.55,39.29,59.27,Mountain,DAP,128.02
Manipur,Wheat,1081.6,23.39,84.64,Black,Urea,133.32
Mizoram,Pulses,1049.87,38.28,55.88,Black,Organic,120.28
Maharashtra,Bajra,1164.88,20.06,56.76,Mountain,Compost,129.09
Haryana,Cotton,443.22,27.52,59.03,Alluvial,Organic,99.89
Arunachal Pradesh,Maize,350.79,23.15,78.96,Mountain,Compost,91.4
Andhra Pradesh,Jowar,1034.92,27.34,82.4,Desert,Urea,130.91
Madhya Pradesh,Rice,1111,36.55,53.26,Desert,DAP,135.74
Goa,Wheat,1155.52,37.91,88.47,Alluvial,Urea,131.81
Himachal Pradesh,Sugarcane,600.23,31.32,83.54,Desert,DAP,117.58
Maharashtra,Barley,649.15,27.44,73.71,Red,DAP,111.08
Jharkhand,Barley,734.02,36.71,56.25,Laterite,MOP,104.31
Arunachal Pradesh,Pulses,581.92,34.85,79.08,Laterite,Organic,116.16
Jharkhand,Cotton,511.44,29.95,66.5,Mountain,DAP,111.63
Goa,Jowar,877.69,29.92,58.67,Black,MOP,137.6
Delhi,Maize,876.47,27.55,83.44,Black,DAP,133.47
Mizoram,Cotton,682.92,20.87,89.49,Laterite,Compost,107.23
Chhattisgarh,Pulses,397.39,35.72,44.17,Alluvial,Compost,96.28
Bihar,Sugarcane,878.23,31.61,63.85,Laterite,Urea,128.86
Sikkim,Pulses,270.97,30.34,54.61,Alluvial,Organic,95.94
Meghalaya,Rice,867.43,28.06,79.95,Black,DAP,132.93
Maharashtra,Cotton,257.3,22.94,45.33,Black,Compost,91.54
Punjab,Wheat,1017.08,28.34,83.63,Laterite,MOP,145
Telangana,Maize,716.49,30.19,47.58,Laterite,Urea,129.16
Gujarat,Sugarcane,1148.01,24.35,66.87,Laterite,MOP,133.43
Odisha,Rice,831.31,21.47,77.5,Alluvial,Organic,113.91
Uttar Pradesh,Wheat,644.9,36.3,68.43,Red,Organic,113.04
Meghalaya,Pulses,846.44,29.6,73.63,Alluvial,Urea,134.72
Karnataka,Maize,674.41,36.89,79.02,Desert,Compost,108.42
Jharkhand,Barley,513.73,27.06,45.42,Laterite,DAP,109.83
Rajasthan,Rice,512.84,28.15,74.89,Mountain,DAP,104.72
Madhya Pradesh,Pulses,332.72,22.74,74.99,Red,DAP,88.25
Punjab,Jowar,1097.31,29.62,73.98,Laterite,Organic,150.66
Himachal Pradesh,Maize,955.64,31.45,49.36,Alluvial,DAP,135.97
Odisha,Wheat,365.59,26.57,77.73,Laterite,Compost,106.08
Nagaland,Wheat,870.76,28.82,74.08,Desert,MOP,126.54
Meghalaya,Pulses,541.3,23.61,45.63,Alluvial,Organic,105.62
Bihar,Rice,815.91,26.36,86.77,Laterite,DAP,124.67
Tripura,Pulses,436.86,39.53,61.29,Red,Urea,97.41
Haryana,Wheat,532.27,35.08,42.75,Laterite,Compost,97.91
Andhra Pradesh,Barley,569.92,38.6,65.97,Laterite,Compost,107.05
Uttar Pradesh,Cotton,1147.82,21.73,68.4,Laterite,Organic,133.78
Bihar,Bajra,810.57,35.13,40.63,Black,Compost,120.45
Punjab,Rice,878.92,35.77,87.93,Red,Compost,116.43
Goa,Wheat,513.42,23.61,72.66,Laterite,DAP,95.67
Telangana,Rice,952.61,34.25,65.77,Mountain,Compost,122.91
Maharashtra,Wheat,398.25,23.08,68.25,Black,DAP,89.01
Uttar Pradesh,Pulses,485.55,34.68,88.72,Desert,Organic,103.25
Chhattisgarh,Rice,402.29,29.28,82.82,Red,MOP,115.6
Rajasthan,Maize,494.09,20.9,40.71,Black,Urea,99.61
Delhi,Pulses,253.84,32.74,70.18,Red,DAP,103.6
Chhattisgarh,Barley,683.9,32.63,47.78,Alluvial,Urea,110.13
Kerala,Jowar,810.17,24.28,54.53,Desert,Compost,119.86
Gujarat,Maize,313.7,24.84,67.28,Mountain,Urea,88.48
Gujarat,Bajra,886.93,26.79,59.09,Laterite,Urea,130.15
Telangana,Bajra,653.57,26.71,62.19,Alluvial,Urea,122.24
West Bengal,Barley,946.46,34.74,70.24,Black,MOP,126.09
Sikkim,Cotton,643.74,30.98,66.13,Desert,MOP,120.43
Assam,Jowar,1057.34,29.74,51.41,Alluvial,Compost,145.06
Assam,Maize,829.61,34.22,68.64,Alluvial,Compost,117.57
Rajasthan,Rice,750.36,22.12,62.45,Desert,Compost,111.22
Rajasthan,Barley,536.08,38.07,66.84,Mountain,MOP,102.16
Sikkim,Maize,415.54,38.66,43.01,Red,Urea,91.51
Rajasthan,Wheat,257.89,25.55,42.28,Mountain,DAP,94.05
Karnataka,Pulses,1164.77,28.84,45.64,Mountain,Compost,138.61
Tamil Nadu,Rice,1043.44,30.33,71.38,Mountain,Urea,145.52
Arunachal Pradesh,Bajra,880.64,29.58,45.63,Alluvial,DAP,123.44
Karnataka,Wheat,697.14,32.47,89.39,Alluvial,Compost,127.64
Arunachal Pradesh,Jowar,1055.84,28.61,54.89,Black,DAP,131.79
Chhattisgarh,Barley,1151.96,36.56,75.59,Laterite,Compost,141.54
Mizoram,Bajra,255.49,35.52,55.39,Laterite,Compost,96.96
Haryana,Wheat,439.82,37.92,51.88,Red,DAP,94.75
Odisha,Rice,774.15,21.61,42.62,Laterite,Organic,102.39
Sikkim,Pulses,469.92,25.88,58.73,Laterite,Organic,105.17
Goa,Maize,792.55,25.36,86.45,Mountain,Urea,123.57
Assam,Cotton,400.71,32.65,46.06,Black,Urea,107.14
Rajasthan,Rice,775.36,39.8,83.47,Black,DAP,104.7
Maharashtra,Bajra,1008.03,26.23,50.71,Black,MOP,126.59
Assam,Jowar,594.92,35.6,44.16,Red,Urea,99
Chhattisgarh,Maize,490.55,26.39,63.05,Mountain,Urea,112.47
West Bengal,Barley,558.87,25.9,73.35,Red,Organic,102.34
Uttar Pradesh,Cotton,567.47,26.14,86.43,Laterite,DAP,115.41
Sikkim,Rice,840.77,26.01,86.89,Red,DAP,131.68
Karnataka,Cotton,901.26,25.1,59.1,Desert,Compost,125.49
Assam,Cotton,905.56,38.07,74.48,Mountain,DAP,123.47
Gujarat,Sugarcane,842.9,25.07,60.05,Black,Organic,127.17
West Bengal,Wheat,994.75,31.35,73.43,Mountain,MOP,138.69
Telangana,Pulses,911.12,24.32,69.42,Red,Compost,121.8
Himachal Pradesh,Sugarcane,810.47,39.88,57.05,Black,MOP,115.26
Maharashtra,Bajra,820.4,29.57,78.84,Black,Organic,135.05
Chhattisgarh,Wheat,1175.25,27.52,51.5,Red,Organic,135.56
Assam,Wheat,614.27,33.57,40.55,Alluvial,MOP,106.47
Tripura,Rice,1023.45,25.85,80.81,Desert,Compost,132.21
Himachal Pradesh,Cotton,932.28,24.87,75.47,Laterite,DAP,131.96
Gujarat,Sugarcane,866.03,31.4,60.75,Desert,MOP,122.89
Nagaland,Barley,1116.17,27.61,48.93,Laterite,Compost,145.85
Meghalaya,Sugarcane,1030.06,37.35,84.44,Black,Urea,131.49
Chhattisgarh,Sugarcane,481.28,33.79,48.34,Red,Compost,106.92
Punjab,Cotton,272.22,28.73,41.34,Red,Organic,98.44
Gujarat,Barley,583.93,25.75,59.27,Red,MOP,109.88
Jammu & Kashmir,Barley,1191.16,38.68,87.68,Mountain,Urea,131.9
Gujarat,Cotton,1194.32,29.46,87.03,Red,Urea,154.95
Rajasthan,Pulses,697.15,24.42,66.91,Mountain,MOP,114.93
Mizoram,Cotton,798.56,26.94,71.33,Laterite,DAP,117.93
Jammu & Kashmir,Bajra,1006.23,34.45,62.03,Laterite,MOP,123.59
Rajasthan,Cotton,380.12,33.08,55.22,Laterite,MOP,98.31
Madhya Pradesh,Barley,428.05,22.15,78.54,Mountain,DAP,98.71
Jammu & Kashmir,Maize,417.57,29.63,67.75,Black,Urea,103.1
Andhra Pradesh,Sugarcane,552.83,30.8,54.6,Desert,Compost,118.84
Himachal Pradesh,Cotton,366.06,35.46,58.43,Alluvial,Compost,89.49
Gujarat,Bajra,405.39,32.09,45.27,Red,DAP,96.41
Gujarat,Maize,706.88,36.58,69.96,Desert,Urea,106.64
Mizoram,Rice,483.47,29.7,67.24,Red,DAP,107.99
Bihar,Barley,438.27,39.9,73.17,Red,DAP,89.38
Punjab,Cotton,684.76,21.95,84.52,Red,DAP,112.94
Delhi,Jowar,1056.8,37.17,41.2,Black,Urea,118.3
Madhya Pradesh,Barley,322.63,39.55,43.16,Mountain,Urea,88.45
Rajasthan,Maize,1023.24,38.51,50.35,Laterite,Compost,116.83
Assam,Barley,1068.28,23.46,79.38,Black,Compost,130.87
Jharkhand,Rice,843.17,32.39,73.49,Mountain,Organic,130.56
West Bengal,Bajra,1106.93,31.83,54.34,Black,MOP,141.89
Mizoram,Maize,308.34,30.45,86.34,Mountain,Compost,111.06
Assam,Bajra,702.19,33.76,78.82,Red,Compost,118.27
Odisha,Wheat,424.41,31.94,75.91,Mountain,Compost,105.16
Tripura,Wheat,1010.33,24.44,55.8,Alluvial,DAP,131.97
Assam,Sugarcane,590.98,36.14,44.02,Mountain,MOP,98.65
Goa,Pulses,845.2,20.36,65.84,Alluvial,MOP,108.92
Tripura,Maize,725.67,34.06,58.68,Laterite,DAP,122.53
Bihar,Pulses,985.22,36.74,82.16,Alluvial,Compost,123.14
Telangana,Bajra,972.99,20.86,63.2,Desert,Compost,115.42
Arunachal Pradesh,Barley,723.57,30.67,59.72,Mountain,Urea,126.72
Arunachal Pradesh,Wheat,760.86,24.49,62.37,Mountain,MOP,108.62
Madhya Pradesh,Rice,826,20.1,68.86,Black,Urea,117.16
Kerala,Wheat,581.11,33.23,80.89,Laterite,Compost,109.26
Jharkhand,Sugarcane,1183.38,24.23,65.56,Mountain,Urea,142.75
Kerala,Maize,1012.98,25.71,57.67,Laterite,Compost,137.21
Haryana,Pulses,602.83,29.97,40.33,Mountain,Urea,115.97
Goa,Pulses,430.66,25.26,73.28,Desert,Urea,94.75
Mizoram,Maize,242.94,31,76,Alluvial,Urea,98.23
Goa,Cotton,619.59,24.32,79.21,Desert,Compost,115.79
Rajasthan,Cotton,556.87,33.06,82.44,Laterite,DAP,111.59
Gujarat,Pulses,675.56,20.4,56.02,Desert,Organic,109.46
Goa,Cotton,751.83,20.09,41.46,Alluvial,Compost,108.44
Tamil Nadu,Barley,1054.25,29.09,78.97,Black,Urea,147.06
Chhattisgarh,Sugarcane,506.79,25.25,74.89,Desert,Urea,100.15
Rajasthan,Bajra,1102.43,24.52,80.62,Black,Compost,135.3
Punjab,Bajra,825.51,22.5,67.19,Alluvial,Compost,115.17
Uttarakhand,Cotton,469.77,30.5,42.38,Mountain,Urea,104.27
Himachal Pradesh,Barley,694.4,27.96,85.32,Black,Compost,118.86
Punjab,Maize,243.88,20.43,51.52,Laterite,Compost,75.05
Telangana,Sugarcane,481.85,38.7,77.75,Laterite,Compost,95.59
Kerala,Pulses,657.77,25.28,54.71,Black,MOP,117.2
Delhi,Rice,1066.94,20.59,60.5,Alluvial,DAP,119.75
Arunachal Pradesh,Cotton,802,20.82,87.01,Red,Urea,108.93
Goa,Jowar,474.58,35.55,45.53,Black,Compost,100.79
Arunachal Pradesh,Maize,851.38,31.55,68.95,Alluvial,MOP,134.19
Chhattisgarh,Jowar,397.55,30.51,76.68,Alluvial,Compost,110.94
Bihar,Rice,438.53,22.76,75.53,Black,Compost,102.66
Kerala,Jowar,732.79,22.11,46.65,Red,MOP,114.58
Rajasthan,Cotton,200.61,37.9,89.34,Red,Organic,78.84
Tamil Nadu,Sugarcane,297.22,25.07,76.84,Laterite,DAP,90.42
Chhattisgarh,Jowar,527.71,22.73,46.98,Black,Urea,106.44
Kerala,Barley,1185.1,32.42,49.13,Alluvial,Compost,148.52
Tamil Nadu,Maize,287.22,20.81,63.63,Black,Organic,84.37
Madhya Pradesh,Jowar,684.5,26.1,41.44,Red,DAP,117.79
Punjab,Jowar,861.15,36.8,75.58,Black,DAP,119.96
Karnataka,Bajra,394.86,36.73,41.62,Desert,Urea,88.59
Arunachal Pradesh,Rice,933.22,26.3,51.6,Red,MOP,127.33
Punjab,Cotton,687.5,39.49,67.02,Desert,Compost,98.2
Maharashtra,Pulses,331.89,32.96,73.66,Alluvial,Organic,99.13
Telangana,Sugarcane,1044.06,22.19,59,Mountain,Compost,121.5
Madhya Pradesh,Bajra,285.72,36.3,61.18,Red,MOP,89.48
Arunachal Pradesh,Pulses,264.3,37.97,58.05,Desert,Organic,89.51
Mizoram,Sugarcane,245.69,34.78,87.76,Alluvial,DAP,91.8
Karnataka,Wheat,567.27,38.24,55.88,Mountain,DAP,94.28
Kerala,Rice,1140.11,30.11,73.37,Red,MOP,150.05
Jammu & Kashmir,Barley,1003.25,26.99,57.36,Desert,Urea,135.45
Nagaland,Rice,519.58,25.95,86.03,Alluvial,Organic,107.4
Odisha,Sugarcane,335.18,32.37,83.33,Alluvial,Compost,106.39
West Bengal,Barley,591.73,39.97,43.41,Desert,Organic,100.54
Telangana,Sugarcane,780.5,25.51,65.35,Mountain,Urea,124.26
Telangana,Pulses,347.83,21.48,80.37,Laterite,MOP,92.47
Jharkhand,Jowar,247.28,32.1,53.01,Red,DAP,93.75
Telangana,Maize,669.02,34.16,89.26,Desert,Compost,120.7
Nagaland,Rice,449.04,39.09,87.67,Mountain,Compost,99.47
Telangana,Bajra,923.09,25.65,86.51,Laterite,Compost,123.59
Manipur,Bajra,1072.1,24.91,72.17,Red,Organic,135.27
Mizoram,Wheat,1090.77,26.16,71.25,Laterite,Organic,132.04
Tripura,Sugarcane,387.1,35.49,67.97,Desert,Compost,101.38
Punjab,Sugarcane,401.46,30.55,78.24,Black,Organic,112.61
Assam,Jowar,740.69,32.24,68.27,Desert,Urea,126.36
Punjab,Jowar,305.89,37.9,78.46,Red,MOP,89.24
Punjab,Barley,631.71,24.33,78.57,Desert,MOP,115.73
Mizoram,Barley,810.13,23.26,78.16,Mountain,Urea,119.94
West Bengal,Barley,316.47,25.25,50.39,Desert,MOP,91.36
Uttarakhand,Bajra,605.92,32.17,59.47,Desert,Organic,108.32
Maharashtra,Wheat,992.18,24.1,64.76,Laterite,Compost,122.39
Odisha,Rice,1051.34,34.89,50.19,Mountain,DAP,131.84
Nagaland,Maize,849.99,32.5,45.08,Alluvial,Compost,123.3
Gujarat,Rice,810.17,24.14,48.31,Black,Urea,117.8
Gujarat,Wheat,522.29,33.42,80.83,Laterite,DAP,102.88
Uttar Pradesh,Cotton,1028.29,21.78,41.86,Desert,Urea,121.89
Manipur,Bajra,448.91,22.84,89.82,Red,Organic,98.41
Rajasthan,Pulses,558.73,26.52,40.64,Alluvial,MOP,103.64
Madhya Pradesh,Maize,1141.05,27.6,40.07,Laterite,DAP,140.54
Manipur,Wheat,970.58,27.84,42.84,Black,Compost,135.68
Manipur,Pulses,962.88,20.12,48.29,Laterite,DAP,117.17
Tripura,Wheat,371.99,26.27,42.15,Alluvial,Urea,99.07
Himachal Pradesh,Wheat,736.93,29.06,61.78,Red,DAP,117.16
Mizoram,Pulses,646.09,23.97,85.68,Laterite,DAP,113.87
Sikkim,Jowar,710.78,33.64,81.26,Black,Urea,120.34
Uttar Pradesh,Rice,1144.86,34.85,70.79,Black,MOP,136.01
Uttarakhand,Bajra,966.4,32.45,40.41,Mountain,MOP,123.84
Maharashtra,Wheat,568.89,23.48,41.3,Alluvial,MOP,102.3
Himachal Pradesh,Barley,323.64,21.04,66.15,Mountain,Organic,93.95
Manipur,Barley,1107.31,31.86,45.5,Mountain,Compost,134.93
Kerala,Rice,549.74,39,55.19,Red,Compost,90.15
Tamil Nadu,Bajra,1023.62,27.66,59.62,Black,Organic,138.1
Telangana,Jowar,432.7,28.3,59.4,Red,Urea,105.58
Meghalaya,Rice,975.14,34.51,49.31,Alluvial,Compost,120.94
Telangana,Maize,714.24,27.87,75.15,Mountain,MOP,119.13
Chhattisgarh,Maize,272.91,24.74,53.15,Desert,Urea,98.13
Arunachal Pradesh,Jowar,1020.38,20.42,67.76,Alluvial,DAP,115.58
Tamil Nadu,Barley,349.74,23.64,85.5,Black,Compost,99.43
Punjab,Barley,578.15,23.32,71.56,Laterite,DAP,106.4
Uttar Pradesh,Sugarcane,782.49,30.01,76.27,Mountain,MOP,129.28
Jammu & Kashmir,Cotton,502.76,29.77,42.26,Red,MOP,115.98
Maharashtra,Pulses,1013.99,33.62,63.22,Red,Compost,129.93
Andhra Pradesh,Sugarcane,740.79,28.38,48.82,Red,MOP,124.2
Arunachal Pradesh,Jowar,955.7,34.03,48.21,Red,Urea,127.18
Punjab,Rice,436.04,33.27,64.6,Mountain,Compost,98
Jharkhand,Sugarcane,649.98,35.98,74.45,Mountain,MOP,116.34
Goa,Sugarcane,268.53,22.9,57.65,Alluvial,DAP,92.55
Arunachal Pradesh,Jowar,1081.19,23.7,83.96,Red,Organic,133.81
Punjab,Sugarcane,966.8,38.91,77.34,Black,Compost,127.45
Assam,Rice,363.56,33.37,45.62,Black,Compost,101.12
Telangana,Barley,412.54,26.13,49.45,Red,DAP,105.04
Meghalaya,Barley,1156.39,26.96,84.66,Black,MOP,143.48
Andhra Pradesh,Rice,398.66,31.11,72.21,Mountain,Organic,108.94
Odisha,Maize,497.33,37.83,62.69,Black,Organic,103.68
West Bengal,Rice,913.62,34.53,45.4,Red,Compost,124.64
West Bengal,Sugarcane,562.83,23.02,50.95,Alluvial,Compost,108.27
Kerala,Wheat,203.08,37.97,58.08,Laterite,Urea,79.68
Himachal Pradesh,Cotton,782.04,37.92,54.97,Desert,DAP,113.49
Uttar Pradesh,Sugarcane,1116,23.01,72,Desert,Organic,130.99
Goa,Rice,878.61,30.63,46.55,Black,Organic,129.48
West Bengal,Barley,541.91,33.33,59.89,Mountain,Organic,107.04
Maharashtra,Sugarcane,270.39,28.74,59.22,Mountain,Compost,100.73
Tripura,Barley,457.04,24.28,61.67,Mountain,Compost,94.86
Chhattisgarh,Jowar,757.41,35.94,44.4,Mountain,MOP,117.18
Jharkhand,Bajra,797.84,37.17,87.73,Red,Organic,114.9
West Bengal,Maize,931.39,39.76,76.39,Alluvial,MOP,111.71
Chhattisgarh,Barley,200.27,22.01,67,Desert,Compost,89.9
Telangana,Jowar,509.02,23.51,53.18,Mountain,Organic,107.33
Karnataka,Maize,638.78,32.63,59.89,Laterite,Urea,110.3
Kerala,Wheat,843,39.01,60.86,Alluvial,Organic,113.35
Rajasthan,Sugarcane,456.01,25.77,69.58,Laterite,MOP,105.99
Meghalaya,Barley,802.82,33.65,67.43,Laterite,Compost,115.64
Bihar,Rice,407.32,37.84,47.57,Desert,MOP,86.91
West Bengal,Barley,1114.82,31.85,80.15,Alluvial,MOP,142.93
Karnataka,Bajra,439.58,32.31,41.86,Alluvial,Urea,98.14
Madhya Pradesh,Rice,752.82,22.7,49.82,Red,DAP,117.23
Haryana,Pulses,621.96,35.03,51.26,Desert,DAP,111.44
Bihar,Bajra,525.05,37.75,48.09,Desert,MOP,99.5
Madhya Pradesh,Rice,509.68,35.47,57.8,Laterite,Organic,101.71
Sikkim,Bajra,756.83,30.46,66.93,Desert,DAP,123.23
Jharkhand,Bajra,1080.14,30.43,85.46,Laterite,DAP,148.68
West Bengal,Bajra,1106.19,32.54,68.06,Laterite,Urea,144.21
Andhra Pradesh,Jowar,1138.26,35.11,74.24,Desert,Compost,140.18
West Bengal,Sugarcane,853.72,22.32,83.92,Black,DAP,116.59
Delhi,Jowar,566.11,37.16,59.79,Laterite,Urea,97.76
Chhattisgarh,Sugarcane,214.74,23.26,75.87,Desert,MOP,85.73
Kerala,Sugarcane,570.13,20.64,80.17,Red,Organic,97.67
Madhya Pradesh,Bajra,483.14,26.52,76.32,Red,Compost,104.84
Meghalaya,Rice,906.39,20.12,63.1,Red,Urea,117.56
Manipur,Sugarcane,472.34,37.16,43.79,Alluvial,MOP,89.24
Odisha,Jowar,778.64,39.02,89.32,Laterite,DAP,112.32
Sikkim,Rice,1086,22.78,67.95,Black,Compost,124.46
Manipur,Jowar,533.05,38.36,42.97,Red,Urea,94.76
Arunachal Pradesh,Bajra,1051.69,38.73,51.12,Black,DAP,122.45
Rajasthan,Wheat,571.09,22.68,82.92,Black,Compost,105.06
Goa,Pulses,782.79,27.59,40.76,Alluvial,Organic,122.82
Gujarat,Wheat,458.47,33.13,44.17,Red,Organic,106.83
Andhra Pradesh,Rice,1151.91,38.4,67.91,Alluvial,Organic,127.79
Tamil Nadu,Maize,645.39,31.46,66.9,Laterite,Compost,116.9
Meghalaya,Wheat,850.58,32.5,69.21,Laterite,DAP,132.72
Jharkhand,Wheat,771.51,38.37,86.81,Laterite,Urea,107.96
Mizoram,Maize,256.94,20.3,51.81,Red,MOP,76.08
Gujarat,Rice,1036.65,31.29,67.65,Desert,Organic,143.38
Bihar,Cotton,319.61,27.8,58.83,Desert,Organic,104.92
Sikkim,Maize,394.52,35.17,52.13,Black,Compost,95.07
Telangana,Barley,559.66,32.08,87.06,Desert,Organic,115.6
Meghalaya,Cotton,370.73,34.17,55.76,Desert,Organic,94.7
Punjab,Cotton,1180,37.33,65.5,Black,Compost,138.44
Meghalaya,Jowar,571.46,26.65,53.39,Alluvial,DAP,116.93
Gujarat,Maize,764.3,21.65,52.88,Desert,Compost,111.05
Sikkim,Cotton,395.65,38.93,77.85,Laterite,Compost,86.74
Chhattisgarh,Sugarcane,204.4,29.16,54.99,Desert,DAP,93.64
Assam,Maize,271.31,37.23,69.74,Mountain,Organic,90.21
Sikkim,Maize,803.11,38.93,63.77,Alluvial,Urea,107.27
Gujarat,Rice,718.6,32.98,74.48,Mountain,MOP,117.48
Jharkhand,Sugarcane,1160.13,36.8,79.5,Red,Urea,134.38
Delhi,Bajra,761.08,26.22,68.03,Desert,Organic,125.64
Haryana,Maize,1162.55,30.59,77.5,Mountain,Organic,142.33
Andhra Pradesh,Pulses,677.43,34.65,51.75,Alluvial,Urea,110.9
West Bengal,Cotton,440.03,37.51,74.16,Alluvial,Urea,93.98
Tamil Nadu,Maize,856.15,29.09,55.73,Mountain,Organic,127.6
Nagaland,Barley,270.49,26.81,76.32,Mountain,DAP,100.75
Maharashtra,Maize,1050.6,39.03,49.68,Mountain,Compost,125.48
Delhi,Jowar,770.63,25.3,46.86,Mountain,DAP,116.07
Nagaland,Barley,1041.29,23.5,77.18,Black,Organic,125.06
Himachal Pradesh,Wheat,539.04,28.8,78.11,Red,DAP,107.72
Gujarat,Pulses,252.72,33.38,85.55,Mountain,Compost,90.41
Odisha,Cotton,1150.03,28.15,48.34,Mountain,Compost,139.4
Manipur,Rice,500.77,32.3,46.28,Mountain,Organic,114.23
Punjab,Wheat,749.41,27.34,61.54,Mountain,Compost,117
Karnataka,Barley,736.16,38.05,57.03,Mountain,Organic,116.19
Assam,Barley,1187.92,34.61,40.44,Alluvial,MOP,132.68
Manipur,Maize,848.11,23.52,48.43,Black,DAP,112.41
Delhi,Sugarcane,1049.8,28.58,83.39,Alluvial,DAP,138.24
Haryana,Barley,688.28,39.42,52.95,Alluvial,Compost,99.28
Arunachal Pradesh,Pulses,909.9,24.29,71.37,Red,Urea,125.72
Uttar Pradesh,Cotton,763.86,21.1,76.55,Mountain,Compost,103.33
Uttar Pradesh,Bajra,525.62,38.17,87.25,Mountain,Urea,103.16
Mizoram,Cotton,1125.67,28.96,60.19,Laterite,Organic,146.31
Andhra Pradesh,Bajra,268,24.52,67.28,Mountain,Organic,89.18
Uttarakhand,Rice,264.56,24.11,85.41,Laterite,DAP,86.06
Meghalaya,Maize,1088.83,24.5,65.53,Alluvial,MOP,134.72
Andhra Pradesh,Rice,369.9,39.64,42.17,Black,MOP,90.39
Uttar Pradesh,Maize,895.86,29.18,54.49,Black,Compost,128.66
Uttar Pradesh,Rice,281.29,24.02,70.2,Mountain,MOP,88.36
Tripura,Pulses,871.66,25.82,47.09,Red,MOP,125.98
Gujarat,Sugarcane,528.75,27.24,56.22,Alluvial,MOP,111.28
Karnataka,Barley,597.68,33.29,44.05,Black,Compost,108.39
Uttar Pradesh,Cotton,698,32.73,45.07,Laterite,Urea,112.6
Meghalaya,Pulses,1054.86,32.02,58.82,Black,MOP,140.25
Tamil Nadu,Maize,405.73,25.03,53.75,Black,Organic,104.44
Meghalaya,Sugarcane,566.9,37.59,67.11,Desert,MOP,100.72
Gujarat,Maize,482.23,22.93,55.47,Desert,DAP,91.24
Haryana,Pulses,366.58,21.17,68.85,Black,DAP,85.02
Uttar Pradesh,Cotton,1005.92,30.67,65.06,Red,MOP,144.42
Delhi,Cotton,636.87,34.36,62.78,Red,Organic,119.06
Nagaland,Maize,1030.54,37.59,48.95,Alluvial,Organic,126.01
Rajasthan,Maize,325.24,26.68,54.88,Red,Organic,97.86
Haryana,Sugarcane,211.92,34.55,85.69,Mountain,Compost,89.37
Arunachal Pradesh,Jowar,254.12,25.2,78.28,Mountain,Organic,87.71
Telangana,Cotton,774.17,37.4,67.48,Black,Organic,117.77
Andhra Pradesh,Maize,882.58,33.55,70.6,Laterite,MOP,127.23
Jharkhand,Rice,961.84,38.48,46.81,Desert,Organic,112.4
Punjab,Maize,816.12,20.36,71.46,Desert,Urea,105.95
Rajasthan,Pulses,383.96,32.93,45.15,Alluvial,Urea,105.19
Gujarat,Cotton,931.84,36.45,57.4,Alluvial,DAP,119.42
Punjab,Pulses,212.94,27.67,89.72,Desert,Compost,97.92
Delhi,Rice,648.56,22.2,70.59,Red,MOP,111.25
Nagaland,Rice,378.25,30.27,77.51,Red,Organic,102.21
Jharkhand,Wheat,438.37,38.9,84.24,Laterite,MOP,89.35
Maharashtra,Rice,723.43,33.7,63.4,Mountain,MOP,121.07
Rajasthan,Pulses,510.7,37.68,63.78,Alluvial,DAP,103.81
Chhattisgarh,Bajra,1156.33,23.51,57.63,Desert,Compost,131.48
West Bengal,Maize,631.03,32.6,40.53,Alluvial,Compost,113.62
Madhya Pradesh,Rice,424.44,26.55,69.95,Red,MOP,103.49
Tamil Nadu,Jowar,1149.2,27.24,44.81,Laterite,Compost,141.77
Nagaland,Cotton,564.98,32.18,62.02,Laterite,MOP,112.91
Rajasthan,Maize,1192.71,22.25,40.75,Black,Compost,126.79
Odisha,Rice,205.25,26.19,54.85,Black,Compost,84.75
Punjab,Cotton,219.3,25.3,41.96,Laterite,DAP,80.87
West Bengal,Sugarcane,215.95,34.16,82.03,Red,Compost,89.65
Karnataka,Bajra,774.72,30.5,55.21,Red,Urea,130.9
Jammu & Kashmir,Cotton,654.85,32.01,47.63,Laterite,DAP,117.84
Goa,Barley,737.83,38.14,46.9,Desert,Organic,106.94
Arunachal Pradesh,Sugarcane,1091.92,31.72,63.01,Black,MOP,145.23
Mizoram,Rice,620.14,32.19,64.41,Alluvial,DAP,114.3
Assam,Bajra,474.23,23.98,54.08,Black,Organic,101.86
Sikkim,Rice,814.65,27.1,45.08,Black,DAP,121.03
Telangana,Sugarcane,383.68,21.29,51.01,Desert,Compost,96.71
Kerala,Wheat,541.2,36.35,47.58,Desert,Compost,107.47
Tamil Nadu,Cotton,834.12,25.01,40.86,Alluvial,Organic,112.66
Goa,Bajra,319.67,26.09,74.26,Black,MOP,102.9
Nagaland,Maize,947.62,33.47,64.94,Laterite,Organic,133.61
Nagaland,Bajra,307.47,26.57,75.68,Alluvial,DAP,105.47
Manipur,Barley,262.32,24.85,80.45,Black,Organic,89.33
Madhya Pradesh,Wheat,950.78,32.69,72.8,Mountain,Compost,136.81
Chhattisgarh,Rice,543.23,35.58,58.09,Desert,DAP,109.33
Madhya Pradesh,Cotton,1180.57,22.99,69.45,Mountain,DAP,134.57
Kerala,Maize,697.93,34.03,62.51,Black,Urea,113.31
Telangana,Sugarcane,404.38,28.64,52.64,Alluvial,Organic,110.26
Assam,Bajra,328.13,37.62,49.63,Laterite,MOP,84.58
Karnataka,Jowar,769.82,24.34,42.7,Laterite,DAP,118.67
Assam,Sugarcane,999.77,27.05,42.36,Desert,Organic,125.23
Punjab,Bajra,262.59,21.83,75.8,Black,DAP,80.73
Sikkim,Cotton,580.2,39.4,65.94,Desert,DAP,104.22
Madhya Pradesh,Cotton,736.92,25.63,48.36,Red,Urea,109.77
Kerala,Cotton,485.04,28.28,77.52,Alluvial,MOP,117.05
Gujarat,Sugarcane,586.83,28.81,51.67,Laterite,MOP,110.84
Tripura,Jowar,1150.4,32.9,42.81,Alluvial,MOP,138.38
Himachal Pradesh,Bajra,846.41,29.86,57.28,Laterite,Organic,130.47
Odisha,Pulses,709.02,25.01,89.6,Laterite,MOP,111.2
Mizoram,Barley,523.92,22.76,71.04,Red,DAP,98.21
Assam,Rice,1135.36,31.61,63.08,Mountain,Organic,141.65
Punjab,Sugarcane,864.56,21.48,60.97,Black,DAP,114.47
Tripura,Barley,296.35,26.04,89.29,Laterite,MOP,92.88
Himachal Pradesh,Pulses,1051.99,22.9,47.81,Desert,Urea,124
Chhattisgarh,Cotton,582.9,23.01,51.38,Desert,DAP,102.93
Jharkhand,Bajra,546.27,21.12,48.58,Red,Organic,94.33
Nagaland,Barley,767.27,38.38,84.43,Red,Organic,114.66
Arunachal Pradesh,Bajra,318.6,23.74,70.48,Red,Compost,98.25
Arunachal Pradesh,Cotton,428.09,37.73,40.11,Black,DAP,99.94
Uttarakhand,Barley,344.6,33.42,66.76,Mountain,DAP,100.31
West Bengal,Bajra,717.38,29.08,68.92,Black,Organic,121.13
Uttar Pradesh,Sugarcane,814.49,24.17,71.88,Alluvial,Compost,113.5
Mizoram,Rice,272.85,39.64,84.82,Desert,Organic,83.89
Mizoram,Maize,270.7,34.47,80.92,Laterite,Organic,96.7
Haryana,Wheat,653.54,37.97,42.98,Alluvial,Compost,103.98
Manipur,Rice,290.86,25.55,77.77,Black,Organic,97.55
Tamil Nadu,Barley,831.98,36.28,54.53,Mountain,Urea,116.95
Uttarakhand,Barley,1171.62,39.13,46.98,Black,MOP,130.75
Nagaland,Rice,724.26,35.28,53.12,Laterite,MOP,108.31
Haryana,Sugarcane,869.74,25.97,88.37,Red,DAP,119.29
Arunachal Pradesh,Bajra,607.27,33.95,53.04,Desert,DAP,110.84
Chhattisgarh,Wheat,1023.61,28.6,63.26,Laterite,Urea,129.73
Nagaland,Bajra,686.53,36.47,71.99,Alluvial,Urea,108.69
Jharkhand,Barley,438.34,20.61,50.8,Laterite,Urea,84.84
Meghalaya,Maize,843.35,20.34,51.76,Laterite,Organic,109.58
Karnataka,Bajra,697.51,31.81,47.39,Laterite,Urea,121.22
Meghalaya,Maize,555.67,31.02,49.93,Mountain,DAP,111.08
Uttar Pradesh,Bajra,466.35,27.09,53.53,Alluvial,MOP,102.91
Sikkim,Pulses,1073.21,39.58,58.78,Laterite,Compost,128.12
Mizoram,Rice,710.54,29.87,64.63,Mountain,DAP,117
Goa,Bajra,948.82,33.14,59.78,Mountain,Compost,127.35
Jharkhand,Sugarcane,715.08,20.88,65.67,Black,DAP,103.24
Andhra Pradesh,Pulses,429.46,27.77,84.93,Laterite,Compost,102.49
Uttar Pradesh,Sugarcane,943.88,27.72,78.81,Red,DAP,131.46
Madhya Pradesh,Cotton,1092.17,28.55,45.56,Black,DAP,145.48
Meghalaya,Jowar,578.07,29.88,76.21,Black,DAP,116.37
Nagaland,Wheat,692.25,24.65,71.19,Laterite,Compost,111.86
Madhya Pradesh,Wheat,1182.43,34.54,56.16,Alluvial,Organic,145.52
Tripura,Sugarcane,620.14,39.91,80.44,Mountain,Compost,99.7
Goa,Maize,367.42,28.04,60,Desert,Organic,103.87
Madhya Pradesh,Bajra,660.42,23.08,48.66,Laterite,Organic,109.44
Kerala,Sugarcane,757.01,34.84,56.54,Red,Urea,110.47
Maharashtra,Bajra,980.93,23.1,61.31,Mountain,Compost,129.16
Tamil Nadu,Rice,941.14,26.85,42.97,Mountain,Organic,122.05
Telangana,Pulses,658.3,27.22,56.95,Black,DAP,117.02
Uttar Pradesh,Barley,420.28,38.13,77.75,Black,DAP,96.74
Goa,Wheat,336.45,20.45,60.27,Black,Urea,88.03
Himachal Pradesh,Maize,720.43,36.19,44.02,Alluvial,Organic,112.02
Arunachal Pradesh,Rice,361.21,29.54,84.97,Red,DAP,100.65
Manipur,Pulses,230.34,21.93,84.23,Alluvial,Organic,86.23
Telangana,Barley,658.99,28.48,66.87,Mountain,MOP,121.32
Delhi,Pulses,484.27,38.89,88.31,Laterite,MOP,104.94
Andhra Pradesh,Wheat,297.33,29.91,46.9,Alluvial,Urea,98.69
Kerala,Bajra,905.03,26.61,70.96,Laterite,Compost,122.18
Assam,Jowar,705.24,29.03,66.04,Desert,Urea,127.35
Himachal Pradesh,Pulses,940.6,24.12,82.94,Desert,DAP,132.7
Karnataka,Sugarcane,382.62,33.48,46.73,Black,Urea,97.93
Telangana,Wheat,207.85,28.45,59.72,Desert,DAP,91.29
Tripura,Bajra,1052.45,39.57,88.86,Mountain,DAP,122.25
Karnataka,Wheat,1199.78,39.14,54.08,Desert,MOP,125.53
Andhra Pradesh,Pulses,886.09,25.84,63.53,Desert,Compost,129.54
Goa,Barley,1091.44,26.1,44.35,Mountain,MOP,128.87
Delhi,Sugarcane,468.74,39.4,60.95,Black,Organic,89.17
Meghalaya,Rice,886.03,20.03,77.12,Alluvial,MOP,114.67
Jammu & Kashmir,Maize,477.25,30.91,84.62,Laterite,Compost,111.78
Punjab,Maize,1027.91,24.02,43.94,Desert,Organic,132.74
Arunachal Pradesh,Maize,385.25,22.35,50.59,Desert,Compost,94.42
Jammu & Kashmir,Sugarcane,1149.1,34.1,42.04,Black,Urea,133.95
Gujarat,Rice,819.8,28.91,85.52,Black,Organic,136.17
Jammu & Kashmir,Cotton,475.17,39.97,61.23,Alluvial,MOP,90.21
Punjab,Wheat,969.21,26.9,82.18,Black,Urea,128.99
Gujarat,Maize,1179.05,25.91,65.43,Alluvial,Urea,144.12
Andhra Pradesh,Barley,1055.34,21.97,67.78,Black,DAP,131.29
Karnataka,Maize,990.74,24.31,46.94,Red,MOP,121.24
Manipur,Maize,655.49,27.92,68.03,Red,DAP,111.65
Karnataka,Jowar,1101.75,27.69,52.44,Laterite,DAP,142.24
Maharashtra,Barley,931.4,36.73,57.36,Black,MOP,124.49
Jammu & Kashmir,Sugarcane,603.04,39.82,69.63,Desert,Organic,104.69
Mizoram,Maize,992.61,28.6,54.26,Black,Organic,127.6
Uttarakhand,Maize,1022.05,26.95,47.97,Laterite,DAP,137.01
Goa,Cotton,1196.55,34.87,49.05,Black,Organic,139.5
Tripura,Wheat,780.17,29.45,61.74,Mountain,DAP,121.46
Meghalaya,Cotton,467.35,35.77,50.77,Mountain,MOP,105.86
Himachal Pradesh,Maize,478.34,23.72,47.21,Alluvial,MOP,93.21
Bihar,Barley,786.89,29.45,87.64,Red,Compost,129.5
Gujarat,Cotton,1086.81,36.4,63.84,Mountain,Compost,125.07
Himachal Pradesh,Pulses,351.77,30.02,89.1,Mountain,DAP,109.08
Jharkhand,Cotton,548.36,37.85,71.89,Desert,Organic,94.09
Himachal Pradesh,Rice,1058.64,33.5,49.28,Desert,DAP,135.51
Manipur,Pulses,350.99,36,54.4,Alluvial,Urea,93.15
Bihar,Sugarcane,924.4,34.86,44.14,Alluvial,Urea,116.49
Karnataka,Barley,693.67,27.05,76.24,Laterite,Compost,120.92
Uttarakhand,Barley,957.79,31.57,53.98,Alluvial,DAP,127.11
Tripura,Cotton,455.98,36.12,64.11,Black,Compost,102.47
Haryana,Barley,544.6,25.66,86.82,Alluvial,Urea,104.96
Andhra Pradesh,Jowar,926.54,21.82,57.13,Laterite,MOP,123.63
Punjab,Jowar,679.04,36.16,85.03,Black,DAP,113.37
Gujarat,Maize,301.96,34.6,82.8,Black,DAP,104
Jammu & Kashmir,Barley,687.63,37.93,62.44,Laterite,Compost,103.98
Jharkhand,Sugarcane,1173.83,39.49,88.14,Mountain,MOP,132.99
Uttarakhand,Jowar,1184.68,30.64,55.56,Red,MOP,139.61
Telangana,Rice,1006.44,35.65,50.95,Alluvial,Urea,125.4
Arunachal Pradesh,Rice,687.22,24.38,88,Desert,Compost,117.04
West Bengal,Barley,756.59,26,72.11,Black,Organic,123.31
Andhra Pradesh,Bajra,595.82,35.06,77.94,Mountain,Organic,104.49
West Bengal,Wheat,1085.82,33.31,72.57,Red,MOP,135.76
Karnataka,Pulses,552.64,35.91,54.37,Desert,DAP,102.88
Arunachal Pradesh,Bajra,400.24,34.33,85.91,Mountain,Urea,107.17
Andhra Pradesh,Pulses,957.82,22.92,46.68,Mountain,Urea,116.09
Sikkim,Sugarcane,443.5,23.63,46.12,Black,MOP,97.73
Meghalaya,Rice,398.73,20.47,55.77,Black,Organic,85.95
Jharkhand,Cotton,497.69,22.63,80.13,Desert,MOP,98.31
Himachal Pradesh,Cotton,978.12,27.37,45.84,Black,Urea,137.14
Meghalaya,Bajra,749.69,34.39,76.09,Laterite,Compost,116.53
Bihar,Cotton,887,31.7,64.78,Alluvial,Compost,131.6
Karnataka,Maize,719.22,36.1,53.41,Laterite,DAP,104.44
Odisha,Barley,537.31,38.89,54.62,Laterite,Organic,103.48
Punjab,Jowar,969.63,34.2,56.96,Mountain,MOP,123.76
Bihar,Jowar,857.82,20,45.32,Laterite,Organic,106.74
Tamil Nadu,Rice,1156.35,24.28,43.13,Laterite,Urea,129.98
Sikkim,Pulses,839.91,22.81,65.85,Black,MOP,114.22
Rajasthan,Pulses,349.09,31.86,57.96,Desert,Compost,106.52
Tamil Nadu,Jowar,283.99,23.97,70.42,Red,DAP,87.18
Kerala,Pulses,715.8,23.23,86.31,Mountain,MOP,120.66
Mizoram,Barley,847.16,30.7,51.67,Desert,Compost,121.65
Delhi,Wheat,482.06,33.59,73.03,Desert,Compost,113.52
Manipur,Jowar,406.99,28.88,86.16,Mountain,Organic,109.83
Uttar Pradesh,Barley,1089.99,26.98,80.09,Black,Urea,141.89
Bihar,Rice,723.11,32.98,82.44,Desert,DAP,122.27
Tamil Nadu,Bajra,809.57,36.53,72.32,Red,Urea,115.98
Telangana,Bajra,985.09,24.55,45.33,Laterite,DAP,126.62
Andhra Pradesh,Wheat,1186.93,38.11,48.13,Red,MOP,136.66
Gujarat,Pulses,435.39,33.45,79.45,Alluvial,MOP,111.78
Tamil Nadu,Cotton,361.71,24.68,79.77,Mountain,Urea,95.41
Haryana,Bajra,457.75,24.24,86.87,Black,Urea,105.8
Delhi,Sugarcane,1178.26,23.48,43.88,Mountain,Compost,128.47
West Bengal,Cotton,313.51,33.89,65.9,Black,Compost,98.55
Sikkim,Bajra,1093.68,26.51,80.72,Alluvial,Urea,139.56
Telangana,Rice,676.07,33.69,56.17,Laterite,MOP,117.24
Andhra Pradesh,Barley,871.18,25.86,72.49,Alluvial,MOP,127.91
Uttar Pradesh,Rice,1004.45,33.12,56.32,Alluvial,Compost,139.45
Maharashtra,Jowar,798.7,29.13,77.6,Laterite,Organic,127.48
Madhya Pradesh,Sugarcane,1055.99,38.61,70.31,Red,Urea,124.87
West Bengal,Rice,444.59,33.38,57.96,Alluvial,Organic,108.05
